John Wall,202322
Andre Kirilenko,Andrei Kirilenko
keerilenko,Andrei Kirilenko
Anfernee Hardaway,Anfernee Hardaway
Anfony Hadaway,Anfernee Hardaway
Antoin Jamison,Antawn Jamison
Blake Griffen,blake griffin
Theodore Edwards,Blue Edwards
Brian Rusell,Bryon Russell
Dangelo Russel,D'Angelo Russell
Damien Lillard,damian lillard
Lilard,damian lillard
dearon fox,De'Aaron Fox
Davidas Servidis,Deividas Sirvydis
DeMar DeRozen,DeMar DeRozan
DeRozen,DeMar DeRozan
Dwayne Dedmon,Dewayne Dedmon
Dramond Green,Draymond Green
Dreymond Green,Draymond Green
Draymon Green,Draymond Green
Dwayne Wade,Dwyane Wade
Giannis Antetkoompno,Giannis Antetokounmpo
Giannis Antetoknmpzklakco,Giannis Antetokounmpo
Goga Bitaz,Goga Bitadze
Harold Baby Jordan Miner,Harold Miner
Ignus Brazdekis,Ignas Brazdeikis
Jason Taetum,jayson tatum
Jeremy Grant,Jerami Grant
JJ Reddick,JJ Redick
Jonothon Simmons,Jonathon Simmons
Johnny Flynn,Jonny Flynn
Drew Holiday,Jrue Holiday
Karl The Mailman Malone,Karl Malone
Carl-Anthony Towns,Karl-Anthony Towns
Carl Anthony Towns,Karl-Anthony Towns
Karl Towns,Karl-Anthony Towns
Karl Anthony Towns,Karl-Anthony Towns
Kahwi Leonard,Kawhi Leonard
Kelenna Azubukke,Kelenna Azubuike
Kevin Garnet,Kevin Garnett
Clay Thompson,Klay Thompson
Kobe Bryan,Kobe Bryant
Kostas Antetokumpo,Kostas Antetokounmpo
Kyle Lowery,Kyle Lowry
Lowery,Kyle Lowry
Kyire Irving,Kyrie Irving
Kyie Iwving,Kyrie Irving
Kyire,Kyrie Irving
Kyie,Kyrie Irving
Larry Mr Mean Smith,Larry Smith
Lames,LebBron James
LeBorn James,LeBron James
lebon j,LeBron James
L J,LeBron James
LJ,LeBron James
LeBron J,Lebron James
JeBron Lames,LeBron James
LeBong James,LeBron James
LeBong,LeBron James
Mafondyu Kabengel,Mfiondu Kabengele
Michael Thompson,Mychal Thompson
Ruben Boumtje,Ruben Boumtje-Boumtje
Russel Westbrook,russell westbrook
wussel westbrick,Russell Westbrook
Brussel Nesquick,Russell Westbrook
Steven Curry,Stephen Curry
Wardell Curry,Stephen Curry
Wardell Stephen Curry II,Stephen Curry
Wardell Curry II,Stephen Curry
Stevie Franchise,Steve Francis
Franchise,Steve Francis
Todos Sadekerkis,Tadas Sedekerskis
Thanasis Antetnokoumpo,Thanasis Antetokounmpo
Turnkey Shingelia,Tornike Shengelia
Turnkey,Tornike Shengelia
Vladimir Radmonovich,vladimir radmanovic
Radmonovich,vladimir radmanovic
Bryanr,Kobe Bryant
Ray Sugar Ray Allen,Ray Allen
Giannis The Alphabet Antetokounmpo,Giannis Antetokounmpo
Carmelo Hoodie Melo Anthony,Carmelo Anthony
Nate Tiny Archibald,Nate Aechibald
Trevror k Ariaza,Trevor Ariza
Billy j cunninghawn,Billy Cunningham
Bobby D Dandridge,Bobby Dandridge
Mel Killer Davis,Mel Davis
Glen iokn Davis,Glen Davis
Tim Slam Duncan,Tim Duncan
Aaron Air Gordon,Aaron Gordon
Danilo Rooster Gallinari,Danilo Gallinari
Kevin KG Garnett,Kevin Garnett
Marc The Big Burrito Gasol,Marc Gasol
Paul PG-13 George,Paul George
Tom Googs Gugliotta,Tom Gugliatta
Andre Iggy Iguolda,Andre Iguolda
Jokick,Nikola Jokic